{
  "component_mean": [
    4.576567723173102,
    0.32468605024099395,
    -0.10727993570102518,
    5.199001390125613,
    -0.07415936009715325,
    8.158888744144614
  ],
  "component_std": [
    1.3077331593863244,
    1.2917151753911873,
    1.5846847002194437,
    1.8461138326986124,
    1.9431400887191566,
    3.5758846285806385
  ],
  "source": "data/processed/benchmark_train3500_niggli_seed42.jsonl",
  "n_records": 3500
}