{
  "component_mean": [
    4.578997137957771,
    0.29328723220195824,
    -0.12141421761764905,
    5.202212251307183,
    -0.12409312723923999,
    8.120372033583159
  ],
  "component_std": [
    1.332174850945342,
    1.3057716458219428,
    1.5839189887393983,
    1.8262998352055102,
    1.9378827396026876,
    3.5685328065130717
  ],
  "source": "data/processed/train100k_niggli_seed42.jsonl",
  "n_records": 100000
}