{
  "component_mean": [
    4.576299213573145,
    0.3234474557320653,
    -0.10544612274813375,
    5.199222291376746,
    -0.07845088092092684,
    8.158888829685745
  ],
  "component_std": [
    1.3075347392198216,
    1.2931772602051366,
    1.5842776545525412,
    1.8460356088639318,
    1.9428871035048176,
    3.575884608737748
  ],
  "source": "/nanolab/users/wyx/Task/PRXD-Cell-indexing-model-0706/data/processed/benchmark_train3500_seed42.jsonl",
  "n_records": 3500
}