{
  "component_mean": [
    4.578903798866051,
    0.2926412312643946,
    -0.12080298100402216,
    5.202288563062245,
    -0.12528698608144234,
    8.120372006865354
  ],
  "component_std": [
    1.332002367742201,
    1.3064196924472302,
    1.5836417844393216,
    1.826323095014615,
    1.9378439589164074,
    3.56853280836281
  ],
  "source": "/nanolab/users/wyx/Task/PRXD-Cell-indexing-model-0706/data/processed/train100k_seed42.jsonl",
  "n_records": 100000
}